Customer_ID,Name,Email,Phone_Number,Join_Date,Country
1036,,kevinadkins@example.net,+1-560-733-8204x8331,2020-08-02,Singapore
1015,Ryan Ortega,jonathancarroll,601.558.0697,2024-09-04,Malaysia
1026,,brownedward@example.net,(215)291-0537,2020-11-12,Indonesia
1011,Amy Sweeney,drios@example.org,249.660.8495x12938,2024-11-12,Indonesia
1022,Hector Lewis,websterjay@example.net,9087587216,2023-02-25,Singapore
1044,Lori Henderson,berrypriscilla@example.com,,2025-01-17,Indonesia
1050,James Cardenas,ywalton@example.net,779.977.9119x498,2023-03-14,Thailand
1011,,hernandezchristina@example.com,300.963.4814x905,2024-05-28,Indonesia
1007,Michael Williams,william75@example.com,826-462-6717x5076,2025-03-25,Thailand
1034,Katelyn Weber,jonathangordon@example.net,,2023-09-23,Singapore
1010,,vware@example.net,931-496-5998x186,2022-08-14,Indonesia
1017,Andrew Jones MD,ykim@example.com,001-737-523-3235,2022-11-06,Philippines
1028,Alyssa Jones,plynch,6792799144,2025-03-02,Thailand
1010,Justin Williams,pruittmitchell@example.com,001-522-680-1961x0162,2024-07-02,Indonesia
1018,Thomas Whitney,fdaugherty@example.org,+1-246-479-4464x02900,2023-12-15,Thailand
1010,Angel Ortiz,stacie36@example.org,+1-562-636-8677x207,2024-01-23,Thailand
1023,John Evans,moralesalejandra@example.org,001-977-671-6173x17284,2024-06-25,Malaysia
1029,Timothy Caldwell,jrodriguez@example.com,870.790.9518,2024-10-07,Thailand
1048,Dale Guzman,beverly45@example.com,001-718-443-5846x5648,2022-11-03,Indonesia
1032,Matthew Osborne,clarkrichard@example.net,9993196986,2023-01-19,Thailand
1014,Peter Everett,gregorywood@example.net,(205)929-4462,2022-07-17,Malaysia
1029,James Harrison,ddouglas@example.org,851-257-1274,2025-01-24,Philippines
1027,Joshua Mays,kelleyrebecca@example.net,815-416-1077,2024-06-12,Thailand
1035,Daryl Hicks,maria44@example.com,243-470-9696x774,2021-06-09,Indonesia
1011,Jason Johnson,barberdavid@example.org,233-445-1434,2024-06-25,Indonesia
1038,Tommy Hicks,nelsongregory@example.net,,2025-03-10,Malaysia
1050,Joshua Chen,gpollard@example.net,(776)454-1342x18294,2024-07-29,Thailand
1034,Timothy Jackson,kevin87@example.org,(347)247-5067x177,2021-09-14,Thailand
1008,Sara Singh,debbieanderson@example.com,001-473-493-2586,2020-04-15,Philippines
1026,Joshua Brown,clarkederek@example.com,850-343-0878x4753,2020-02-27,Singapore
1024,Erin Sims,davismegan@example.com,256.341.1800x756,2021-07-06,Malaysia
1010,Lisa Williams,qduarte@example.org,994.340.2076x0609,2022-01-15,Thailand
1005,Rebecca Gardner,shirleyjones@example.net,592.977.5958x557,2022-07-02,Thailand
1050,Damon Farley,allenwendy@example.net,001-751-404-3741x704,2020-12-19,Indonesia
1018,Tammy Garcia,erinadams@example.com,(592)535-9968x688,2023-02-23,Philippines
1035,Rachael Mann,daniel16@example.com,(712)227-9579,2021-07-02,Singapore
1009,Kelly Green,qhouston@example.org,573-663-0285x706,2024-01-08,Indonesia
1047,Bruce Hernandez,lynchgeorge@example.com,515-411-9994,2020-04-30,Philippines
1002,Debra Young,sjuarez@example.org,6405426342,2022-12-13,Malaysia
1042,Thomas Dean,fbarrera@example.com,001-404-849-2135x14085,2024-02-11,Malaysia
1025,Casey Serrano,curryderek@example.org,546-873-7372x37738,2021-11-20,Indonesia
1002,Robert Jackson,perezjesus@example.net,+1-827-777-9322x14695,2020-08-04,Singapore
1033,Robert Ruiz,george01@example.org,001-706-457-7095x89038,2024-10-12,Thailand
1022,Timothy Combs,georgegarcia@example.net,756.321.7505,2021-03-10,Philippines
1037,Michael Taylor,riverajames@example.net,998.810.6343,2020-10-21,Malaysia
1039,Chad Gibson,burnettjoseph@example.org,,2020-03-05,Indonesia
1014,Valerie Clark,charlescrawford,,2020-11-15,Thailand
1003,Theresa Mcmillan,haynesricardo@example.net,(919)368-9789,2025-01-01,Philippines
1027,Curtis Chavez,mhudson@example.com,649.861.0639,2022-07-01,Singapore
1004,Dwayne Williams,ggarcia@example.org,284.646.5951x7386,2020-12-05,Singapore
1007,Daniel Jones,shannonday@example.org,(707)413-7300x482,2020-08-19,Philippines
1002,Kimberly Cooper,vmontoya@example.net,001-822-654-5900x3856,2021-03-06,Malaysia
1034,Paul Gomez,williamsholly@example.com,,2024-04-03,Philippines
1008,Tyler Perez,garrisondavid@example.org,+1-288-508-7587x84566,2023-06-06,Philippines
1032,Jessica Maxwell,reedamy@example.net,+1-288-919-9200,2022-10-13,Singapore
1012,Thomas Pearson,wmiller@example.net,001-627-439-8015x242,2025-04-29,Singapore
1009,Mark Mckay,gwatts@example.org,252.307.0766x843,2023-10-28,Thailand
1033,Blake Smith,amandamurray@example.org,471-206-9022x42875,2023-03-16,Malaysia
1020,Bradley Barber,zmueller@example.org,345.215.0010,2022-12-05,Malaysia
1001,Amy Mendoza,anita79@example.net,+1-380-269-2299x02453,2023-07-02,Philippines
1002,Lee Green,keith87@example.com,891.701.8557x9217,2021-11-01,Singapore
1035,Tina Smith,dakotaboyd,,2021-02-06,Malaysia
1012,Lori Gray,tcole@example.net,3446163757,2025-05-04,Singapore
1002,Michael Ortiz,xgomez@example.net,428.572.5095,2021-02-22,Singapore
1009,Stephanie Becker,zwilliams@example.com,(262)629-4466x638,2022-01-15,Singapore
1029,Ashley Hoover,monicavega@example.com,001-500-237-3283,2022-05-20,Singapore
1021,Colleen Moyer,cruzstephen@example.org,245-815-5441,2023-05-17,Thailand
1006,Tammy Garcia,lcortez@example.com,001-835-258-9451x0202,2024-09-10,Malaysia
1009,William Duke,gonzalezautumn@example.net,3887111614,2021-05-27,Singapore
1045,Laurie Allen,milesmaria@example.net,001-551-697-5096x04726,2023-01-23,Thailand
1037,Gary Baker,maria93@example.org,,2024-11-03,Singapore
1050,Michael Daniels,fmaldonado,210.682.5819x961,2021-05-31,Malaysia
1032,Michael Williams,khughes@example.net,(489)253-7788x16236,2024-05-28,Indonesia
1026,Donna Brown,alexanderaustin@example.org,896-723-8997,2020-06-30,Philippines
1047,Jeffrey Williams,dannylewis@example.org,001-272-526-9275x654,2020-01-20,Thailand
1019,James Frazier,beckerkaitlin@example.net,+1-749-587-0040x59163,2024-08-02,Thailand
1018,Jennifer Kelly,michael63@example.org,299.796.5886,2023-02-10,Thailand
1036,David Brown,lestercharles@example.org,986.594.7416x4427,2022-10-08,Philippines
1031,Alison Ramirez,petersonelizabeth@example.net,,2020-06-27,Philippines
1037,Christina Lopez,kreynolds,,2020-09-28,Malaysia
1038,Kevin Jones,melaniechapman@example.org,5048696593,2021-05-01,Philippines
1026,Stephanie Hogan,taylordrew@example.com,+1-966-321-6262x632,2020-01-13,Indonesia
1017,Crystal Smith,hansenbarbara@example.org,+1-919-289-9363x72184,2020-07-27,Malaysia
1018,Veronica Patterson,jacksonchristopher@example.net,791.515.6833x35705,2020-12-29,Malaysia
1021,Rhonda Campbell,michael04@example.net,503.519.2670,2025-05-22,Thailand
1037,Sarah Allen PhD,pattersonteresa@example.com,001-871-484-4225x93885,2022-12-07,Philippines
1035,Stephen Sutton,carrie29@example.org,+1-539-629-6650x2725,2024-06-01,Malaysia
1045,Karen Foster,allison78@example.com,392-473-8587,2022-08-19,Indonesia
1006,Hannah Garcia,aaronfrank@example.net,3758123061,2024-12-19,Singapore
1031,Angela Mcdaniel,nanderson@example.net,(547)603-0980x921,2021-03-10,Indonesia
1003,Dale Wright,amber51@example.org,001-971-370-0561x49789,2021-01-06,Singapore
1014,Annette Reyes,andreamitchell@example.com,+1-274-711-8534,2025-05-17,Singapore
1022,Monica Martinez,martinmarc@example.net,(798)397-5734,2024-08-28,Philippines
1044,Mike Salinas,victorwilliamson@example.org,310-933-7800,2022-08-13,Philippines
1014,Susan Graves,stephaniecardenas@example.com,+1-948-623-3457x66215,2022-10-29,Indonesia
1018,Karen Lopez,fisherthomas,827.248.4810x21840,2024-11-16,Singapore
1016,Robert Kramer PhD,jmills@example.org,001-524-485-8961,2020-02-27,Singapore
1007,Michael Williams,shawjean@example.com,+1-972-398-2494x27955,2020-02-13,Malaysia
1049,Cheryl Nelson,ramirezmichael@example.org,5584258811,2024-11-29,Thailand
1035,Jordan Schwartz,rclark@example.com,(535)974-8018x5960,2022-11-23,Malaysia
